domaine,annee,nom_module,niveau,classe,nb_groupes,anglais,charge_horaire,coordinateur,nouveau_module,ecole,lien_github
Mathématiques et Statistiques,2016-2017,Mathématiques 1,Licence,LFG,1,False,42,True,True,ESB,https://github.com/Aymenbenbrik/Mathematiques1
Encadrement et soutien,2016-2017,Cours de soutien,Licence,—,1,False,15,True,False,ESB,
Mathématiques et Statistiques,2016-2017,Mathématiques 1,Licence,LFIG,2,False,84,True,True,ESB,https://github.com/Aymenbenbrik/Mathematiques1
Mathématiques et Statistiques,2016-2017,Mathématiques 2,Licence,LFG,1,False,42,True,True,ESB,https://github.com/Aymenbenbrik/Mathematiques2
Mathématiques et Statistiques,2016-2017,Mathématiques 2,Licence,LFIG,2,False,84,True,True,ESB,https://github.com/Aymenbenbrik/Mathematiques2
Encadrement et soutien,2016-2017,Cours de soutien,Licence,—,1,False,15,True,False,ESB,
Mathématiques et Statistiques,2016-2017,Statistiques descriptives et Probabilités,Licence,LFG,2,False,105,True,True,ESB,https://github.com/Aymenbenbrik/StatistiquesDescriptivesProbabilites
Mathématiques et Statistiques,2016-2017,Statistiques descriptives et Probabilités,Licence,LFIG,1,False,52,True,True,ESB,https://github.com/Aymenbenbrik/StatistiquesDescriptivesProbabilites
Mathématiques et Statistiques,2017-2018,Mathématiques 1,Licence,LFG,1,False,42,True,False,ESB,https://github.com/Aymenbenbrik/Mathematiques1
Mathématiques et Statistiques,2017-2018,Statistiques inférentielles,Licence,LFG,2,False,84,True,True,ESB,https://github.com/Aymenbenbrik/StatistiquesInferentiellesLicence
Sciences des données,2017-2018,Recherche Opérationnelle,Licence,LFIG,2,False,42,True,True,ESB,https://github.com/Aymenbenbrik/RechercheOperationnelle | https://github.com/Aymenbenbrik/RechercheOperationnelleLicence
Mathématiques et Statistiques,2017-2018,Logique Mathématique,Licence,LFIG,2,False,42,True,True,ESB,https://github.com/Aymenbenbrik/LogiqueMathematique
Sciences des données,2017-2018,Analyse des données avec SPSS,Master,MKD,1,False,42,True,True,ESB,https://github.com/Aymenbenbrik/MarketingDataAnalysis
Encadrement et soutien,2017-2018,Cours de soutien Mathématiques,Licence,—,1,False,9,True,False,ESB,
Encadrement et soutien,2017-2018,Cours de soutien Statistiques inférentielles,Licence,—,1,False,9,True,True,ESB,
Mathématiques et Statistiques,2017-2018,Statistiques descriptives et Probabilités,Licence,LFG,4,False,210,False,False,ESB,https://github.com/Aymenbenbrik/StatistiquesDescriptivesProbabilites
Mathématiques et Statistiques,2018-2019,Mathématiques 1,Licence,LFG,1,False,42,True,False,ESB,https://github.com/Aymenbenbrik/Mathematiques1
Mathématiques et Statistiques,2018-2019,Les fondamentaux des mathématiques,Master,BA,1,False,21,True,True,ESB,https://github.com/Aymenbenbrik/FondamentauxMathematiques
Mathématiques et Statistiques,2018-2019,Statistiques inférentielles,Licence,LFG,1,False,42,True,False,ESB,https://github.com/Aymenbenbrik/StatistiquesInferentiellesLicence
Mathématiques et Statistiques,2018-2019,Satistiques inférentielles,Licence,LFIG,2,False,84,True,False,ESB,https://github.com/Aymenbenbrik/StatistiquesInferentiellesLicence
Encadrement et soutien,2018-2019,Cours de soutien Statistiques inférentielles,Licence,—,1,False,15,True,False,ESB,
Mathématiques et Statistiques,2018-2019,Statistiques descriptives et Probabilités,Licence,LFIG,2,False,60,True,False,ESB,https://github.com/Aymenbenbrik/StatistiquesDescriptivesProbabilites
Mathématiques et Statistiques,2018-2019,Statistiques descriptives et Probabilités,Licence,LFG,2,False,84,True,False,ESB,https://github.com/Aymenbenbrik/StatistiquesDescriptivesProbabilites
Sciences des données,2018-2019,Séries Temporelles,Master,BA,1,False,42,True,True,ESB,
Mathématiques et Statistiques,2019-2020,Algèbre 1,Licence,LMAD,1,False,84,True,True,ESB,https://github.com/Aymenbenbrik/Algebre1-2026
Mathématiques et Statistiques,2019-2020,Probabilités et Statistiques,Master,BA,2,False,42,True,True,ESB,
Sciences des données,2019-2020,Programmation avec R,Master,MDSI,2,False,60,True,True,ESB,https://github.com/Aymenbenbrik/ProgrammationR
Mathématiques et Statistiques,2019-2020,Probabilités et Statistiques,Master,MDSI,2,False,84,True,True,ESB,https://github.com/Aymenbenbrik/AnalyseStatistiqueR
Sciences des données,2019-2020,Programmation avec R,Master,MKD,2,False,42,True,True,ESB,https://github.com/Aymenbenbrik/ProgrammationR
Mathématiques et Statistiques,2019-2020,Algèbre 2,Licence,LMAD,1,False,84,True,True,ESB,https://github.com/Aymenbenbrik/Algebre2
Sciences des données,2019-2020,Séries Temporelles,Master,BA,2,False,84,True,False,ESB,
Mathématiques et Statistiques,2019-2020,Analyse 2,Licence,LMAD,1,False,30,False,True,ESB,
Mathématiques et Statistiques,2019-2020,Analyse statistique avec R,Licence,LMAD,1,False,21,True,True,ESB,https://github.com/Aymenbenbrik/AnalyseStatistiqueR
Mathématiques et Statistiques,2020-2021,Algèbre 3,Licence,LMAD,1,False,84,True,True,ESB,https://github.com/Aymenbenbrik/Algebre3
Mathématiques et Statistiques,2020-2021,Algèbre 1,Licence,LMAD,1,False,84,True,False,ESB,https://github.com/Aymenbenbrik/Algebre1-2026
Mathématiques et Statistiques,2020-2021,Statistiques inférentielles,Licence,LBC,3,False,63,True,False,ESB,https://github.com/Aymenbenbrik/StatistiquesInferentiellesLicence
Mathématiques et Statistiques,2020-2021,Algèbre 2,Licence,LMAD,1,False,84,True,False,ESB,https://github.com/Aymenbenbrik/Algebre2
Mathématiques et Statistiques,2020-2021,Analyse 4,Licence,LMAD,1,False,84,True,True,ESB,https://github.com/Aymenbenbrik/Analyse4
Mathématiques et Statistiques,2020-2021,Analyse statistique avec R,Licence,LMAD,1,False,21,True,False,ESB,https://github.com/Aymenbenbrik/AnalyseStatistiqueR
Mathématiques et Statistiques,2020-2021,Mathématiques appliquées à la gestion,Master,CCA,1,False,10,True,True,ESB,
Mathématiques et Statistiques,2021-2022,Algèbre 1,Licence,LMAD,1,False,84,True,False,ESB,https://github.com/Aymenbenbrik/Algebre1-2026
Mathématiques et Statistiques,2021-2022,Algèbre 3,Licence,LMAD,1,False,84,True,False,ESB,https://github.com/Aymenbenbrik/Algebre3
Mathématiques et Statistiques,2021-2022,Probabilités,Licence,LMAD,1,False,84,True,True,ESB,https://github.com/Aymenbenbrik/Probabilites
Mathématiques et Statistiques,2021-2022,Intégration et Probabilités,Master,GAMMA,1,False,50,True,True,ESB,https://github.com/Aymenbenbrik/Probabilites
Mathématiques et Statistiques,2021-2022,Statistiques inférentielles,Master,GAMMA,1,False,15,True,True,ESB,https://github.com/Aymenbenbrik/StatistiquesInf-rentielles
Mathématiques et Statistiques,2021-2022,Probabilités et Statistiques,Master,MKD/MDSI,1,False,20,True,False,ESB,https://github.com/Aymenbenbrik/AnalyseStatistiqueR
Mathématiques et Statistiques,2021-2022,Analyse 4,Licence,LMAD,1,False,84,True,False,ESB,https://github.com/Aymenbenbrik/Analyse4
Sciences des données,2021-2022,Séries Temporelles,Master,GAMMA,1,False,10,True,False,ESB,
Mathématiques et Statistiques,2021-2022,Statistiques,Master,LMAD,1,False,15,True,True,ESB,https://github.com/Aymenbenbrik/StatistiquesInf-rentielles
Sciences des données,2021-2022,Modèles linéaires généralisés,Master,GAMMA,1,False,15,True,True,ESB,https://github.com/Aymenbenbrik/Unsupervised-Learning
Intelligence Artificielle,2021-2022,Optimisation numérique,Master,GAMMA,1,False,21,True,True,ESB,
Mathématiques et Statistiques,2022-2023,Algèbre 1,Licence,LMAD,1,False,84,True,False,ESB,https://github.com/Aymenbenbrik/Algebre1-2022-
Sciences des données,2022-2023,Analyse des données,Licence,LMAD,1,False,42,True,True,ESB,https://github.com/Aymenbenbrik/Analyse-des-donn-es
Intelligence Artificielle,2022-2023,Introduction Data Science,Licence,LMAD,1,False,21,True,True,ESB,
Intelligence Artificielle,2022-2023,Deep Learning,Master,BA,1,False,42,True,True,ESB,https://github.com/Aymenbenbrik/DeepLearningCourse
Intelligence Artificielle,2022-2023,Apprentissage Statistique,Master,GAMMA,1,False,42,True,True,ESB,https://github.com/Aymenbenbrik/DeepLearningCourse
Intelligence Artificielle,2022-2023,Fondements de la théorie de la décision,Licence,LBC-BI,1,False,21,True,True,ESB,https://github.com/Aymenbenbrik/DeepLearningCourse
Mathématiques et Statistiques,2022-2023,Statistiques inférentielles,Master,GAMMA,1,False,10,True,False,ESB,https://github.com/Aymenbenbrik/StatistiquesInf-rentielles
Intelligence Artificielle,2022-2023,Programmation Python 2,Licence,LMAD,1,False,21,True,True,ESB,
Mathématiques et Statistiques,2022-2023,Algèbre 2,Licence,LMAD,1,False,42,True,False,ESB,https://github.com/Aymenbenbrik/Algebre2
Mathématiques et Statistiques,2022-2023,Analyse 4,Licence,LMAD,1,False,42,True,False,ESB,https://github.com/Aymenbenbrik/Analyse4
Intelligence Artificielle,2022-2023,Optimisation numérique,Master,GAMMA,1,False,21,True,False,ESB,
Intelligence Artificielle,2022-2023,Programmation Python 3,Licence,LMAD,1,False,21,True,True,ESB,
Mathématiques et Statistiques,2022-2023,Statistiques,Licence,LMAD,1,False,21,True,False,ESB,https://github.com/Aymenbenbrik/StatistiquesInf-rentielles
Mathématiques et Statistiques,2022-2023,Analyse statistique avec R,Licence,LMAD,1,False,21,True,False,ESB,https://github.com/Aymenbenbrik/AnalyseStatistiqueR
Sciences des données,2022-2023,Séries Temporelles,Master,GAMMA,1,False,21,True,False,ESB,
Sciences des données,2022-2023,Modèles linéaires généralisés,Master,GAMMA,1,False,10,True,False,ESB,https://github.com/Aymenbenbrik/Unsupervised-Learning
Intelligence Artificielle,2023-2024,Apprentissage Statistique,Master,GAMMA,1,False,42,True,False,ESB,https://github.com/Aymenbenbrik/DeepLearningCourse
Mathématiques et Statistiques,2023-2024,Statistiques inférentielles,Master,GAMMA,1,False,21,True,False,ESB,https://github.com/Aymenbenbrik/StatistiquesInf-rentielles
Intelligence Artificielle,2023-2024,Programmation Python 2,Licence,LMAD,1,False,21,True,False,ESB,
Intelligence Artificielle,2023-2024,Intelligence Artificielle,Licence,LMAD,1,False,56,True,True,ESB,https://github.com/Aymenbenbrik/Supervised-Learning
Intelligence Artificielle,2023-2024,Fondements de la théorie de la décision,Licence,LBC-BI,2,False,42,True,False,ESB,https://github.com/Aymenbenbrik/DeepLearningCourse
Intelligence Artificielle,2023-2024,Deep Learning,Master,BA,1,False,42,True,False,ESB,https://github.com/Aymenbenbrik/DeepLearningCourse
Mathématiques et Statistiques,2023-2024,Analyse 4,Licence,LMAD,1,False,84,True,False,ESB,https://github.com/Aymenbenbrik/Analyse4
Mathématiques et Statistiques,2023-2024,Statistiques,Licence,LMAD,1,False,21,True,False,ESB,https://github.com/Aymenbenbrik/StatistiquesInf-rentielles
Intelligence Artificielle,2023-2024,Programmation Python 3,Licence,LMAD,1,False,21,True,True,ESB,
Intelligence Artificielle,2023-2024,Optimisation numérique,Master,GAMMA,1,False,21,True,False,ESB,
Intelligence Artificielle,2023-2024,Outillage Machine Learning,Master,MDSI,1,False,21,True,True,ESB,https://github.com/Aymenbenbrik/Supervised-Learning
Intelligence Artificielle,2024-2025,Fondements de la théorie de la décision,Licence,LBC-BI,3,True,63,True,False,ESB,https://github.com/Aymenbenbrik/DeepLearningCourse
Intelligence Artificielle,2024-2025,Gestion de projet,Licence,LBC-SIAD,1,False,30,True,False,ESB,https://github.com/Aymenbenbrik/DeepLearningCourse
Intelligence Artificielle,2024-2025,Deep Learning,Master,BA,4,True,168,True,False,ESB,https://github.com/Aymenbenbrik/DeepLearningCourse
Intelligence Artificielle,2024-2025,Machine Learning (supervisé),Master,BA,1,False,42,True,False,ESB,https://github.com/Aymenbenbrik/Supervised-Learning
Intelligence Artificielle,2024-2025,Machine Learning (non supervisé),Master,BA,1,False,42,True,True,ESB,https://github.com/Aymenbenbrik/Unsupervised-Learning
Intelligence Artificielle,2024-2025,Deep Learning,Master,BA,1,False,42,True,False,ESB,https://github.com/Aymenbenbrik/DeepLearningCourse
Intelligence Artificielle,2024-2025,Machine Learning,Master,BA,2,True,84,False,False,ESB,https://github.com/Aymenbenbrik/Supervised-Learning
Intelligence Artificielle,2024-2025,Generative Computer Vision,Master,BA,1,False,21,True,True,ESB,https://github.com/Aymenbenbrik/GenerativeComputerVision
Intelligence Artificielle,2024-2025,Outillage Machine Learning,Master,MDSI,2,False,42,True,False,ESB,https://github.com/Aymenbenbrik/Supervised-Learning
Mathématiques et Statistiques,2025-2026,Algèbre 1,Licence,LMAD,1,False,84,True,False,ESB,https://github.com/Aymenbenbrik/Algebre1-2026
Intelligence Artificielle,2025-2026,Deep Learning,Master,BA,3,True,126,True,False,ESB,https://github.com/Aymenbenbrik/DeepLearningCourse
Intelligence Artificielle,2025-2026,Fondements de la théorie de la décision,Licence,LBC-BI,5,True,105,True,False,ESB,https://github.com/Aymenbenbrik/DeepLearningCourse
Mathématiques et Statistiques,2025-2026,Intégration et Probabilités,Master,GAMMA,1,False,42,True,False,ESB,https://github.com/Aymenbenbrik/Probabilites
Mathématiques et Statistiques,2025-2026,Statistiques inférentielles,Master,GAMMA,1,False,10,True,False,ESB,https://github.com/Aymenbenbrik/StatistiquesInf-rentielles
Intelligence Artificielle,2025-2026,Atelier de programmation,Master,GAMMA,1,False,42,True,True,ESB,https://github.com/Aymenbenbrik/AtelierPython
Intelligence Artificielle,2025-2026,Data Mining,Master,FIND,1,False,21,True,True,ESB,https://github.com/Aymenbenbrik/Unsupervised-Learning
Sciences des données,2025-2026,Séries Temporelles,Master,GAMMA,1,False,21,True,False,ESB,
Intelligence Artificielle,2025-2026,Optimisation numérique,Master,GAMMA,1,False,21,True,False,ESB,
Intelligence Artificielle,2025-2026,Machine Learning,Master,BA,1,False,42,True,False,ESB,https://github.com/Aymenbenbrik/Supervised-Learning
Sciences des données,2025-2026,Séries Temporelles,Master,BA,1,False,42,True,False,ESB,
Intelligence Artificielle,2022-2023,NLP - Natural Language Processing,Master,MDSI,1,False,42,True,True,ESB,https://github.com/Aymenbenbrik/FundamentalsNLP
Intelligence Artificielle,2023-2024,NLP - Natural Language Processing,Master,MDSI,1,False,42,True,False,ESB,https://github.com/Aymenbenbrik/FundamentalsNLP
Intelligence Artificielle,2024-2025,NLP - Natural Language Processing,Master,MDSI,1,False,42,True,False,ESB,https://github.com/Aymenbenbrik/FundamentalsNLP
Intelligence Artificielle,2025-2026,NLP - Natural Language Processing,Master,MDSI,1,False,42,True,False,ESB,https://github.com/Aymenbenbrik/FundamentalsNLP
